{
	"ambient": {
		"x": 0.10000000149011612,
		"y": 0.10000000149011612,
		"z": 0.10000000149011612
	},
	"default_material": "null",
	"lights": [
		{
			"color": {
				"x": 1.0,
				"y": 1.0,
				"z": 1.0
			},
			"position": {
				"x": 0.0,
				"y": -6.5,
				"z": 24.0
			},
			"range": 100.0
		},
		{
			"color": {
				"x": 6.0,
				"y": 6.0,
				"z": 0.0
			},
			"position": {
				"x": -3.677000045776367,
				"y": -0.26899999380111694,
				"z": 3.0
			},
			"range": 2.0
		},
		{
			"color": {
				"x": 0.0,
				"y": 0.0,
				"z": 8.0
			},
			"position": {
				"x": 3.0769999027252197,
				"y": -1.8359999656677246,
				"z": 3.0
			},
			"range": 2.0
		},
		{
			"color": {
				"x": 8.0,
				"y": 0.0,
				"z": 0.0
			},
			"position": {
				"x": -4.01200008392334,
				"y": -8.85200023651123,
				"z": 3.0
			},
			"range": 2.0
		},
		{
			"color": {
				"x": 0.0,
				"y": 8.0,
				"z": 0.0
			},
			"position": {
				"x": 2.986999988555908,
				"y": -9.267999649047852,
				"z": 3.0
			},
			"range": 2.0
		}
	],
	"main_camera": "bbf43cba-c9d6-6649-a7d1-6430b07ce929",
	"objects": [
		{
			"children": [],
			"components": {
				"Gameplay::Camera": {
					"clear_color": {
						"w": -431602080.0,
						"x": -431602080.0,
						"y": -431602080.0,
						"z": -431602080.0
					},
					"enabled": true,
					"far_plane": 1000.0,
					"fov_radians": 1.5707963705062866,
					"guid": "bbf43cba-c9d6-6649-a7d1-6430b07ce929",
					"near_plane": 0.10000000149011612,
					"ortho_enabled": false,
					"ortho_size": 10.0
				}
			},
			"guid": "0cb51b97-68e0-1c4a-b1f7-233906abd1f6",
			"hide_in_inspector": false,
			"name": "Main Camera",
			"parent": "null",
			"position": {
				"x": -9.0,
				"y": -6.0,
				"z": 15.0
			},
			"rotation": {
				"w": 0.4999999701976776,
				"x": 0.4999999701976776,
				"y": 0.4999999701976776,
				"z": 0.4999999701976776
			},
			"scale": {
				"x": 1.0,
				"y": 1.0,
				"z": 1.0
			}
		},
		{
			"children": [],
			"components": {
				"Gameplay::Physics::RigidBody": {
					"angular_damping": 0.004999999888241291,
					"colliders": [
						{
							"extents": {
								"x": 50.0,
								"y": 50.0,
								"z": 1.0
							},
							"guid": "63e5b2cc-15e6-9d41-a50d-1e6ef4d51808",
							"position": {
								"x": 0.0,
								"y": 0.0,
								"z": -1.0
							},
							"rotation": {
								"x": 0.0,
								"y": 0.0,
								"z": 0.0
							},
							"scale": {
								"x": 1.0,
								"y": 1.0,
								"z": 1.0
							},
							"type": "Box"
						}
					],
					"enabled": true,
					"group": 1,
					"guid": "c3940dec-7121-2348-b656-fa7a024beea7",
					"linear_damping": 0.0,
					"mask": -1,
					"mass": 1.0,
					"type": "Static"
				},
				"RenderComponent": {
					"enabled": true,
					"guid": "51fd1e9f-41c5-3844-8306-8677f06be64b",
					"material": "c87b8c47-0a1f-4f4d-85d0-9d63ad38a555",
					"mesh": "37c31893-cfdb-5547-9676-9bfc437718ef"
				}
			},
			"guid": "03e0a1ef-d8be-4e46-aa92-1e3ba66d2cbd",
			"hide_in_inspector": false,
			"name": "Plane",
			"parent": "null",
			"position": {
				"x": 0.17000000178813934,
				"y": -6.5,
				"z": 0.0
			},
			"rotation": {
				"w": 1.0,
				"x": 0.0,
				"y": 0.0,
				"z": 0.0
			},
			"scale": {
				"x": 1.0,
				"y": 20.0,
				"z": 1.0
			}
		},
		{
			"children": [
				{
					"children": [],
					"components": {
						"RenderComponent": {
							"enabled": true,
							"guid": "bb6be5e5-d3a7-9d4b-b874-4778a96b14b4",
							"material": "4a8aa9ae-9065-c747-b194-ea1f62ff65e9",
							"mesh": "9fced31a-e443-684c-bc1d-cddce59d75de"
						}
					},
					"guid": "949ec6ed-5771-3041-b9d8-1da874ace60a",
					"hide_in_inspector": false,
					"name": "Specular Object",
					"parent": "dd997319-5b69-ff4b-b697-97743a9a88d4",
					"position": {
						"x": 0.0,
						"y": -4.0,
						"z": 1.0
					},
					"rotation": {
						"w": 1.0,
						"x": 0.0,
						"y": 0.0,
						"z": 0.0
					},
					"scale": {
						"x": 1.0,
						"y": 1.0,
						"z": 1.0
					}
				},
				{
					"children": [],
					"components": {
						"RenderComponent": {
							"enabled": true,
							"guid": "6fe564ff-d865-7148-aca6-f162eb2e84ef",
							"material": "993394b9-a87c-3a41-8e98-b9cd3edf16f4",
							"mesh": "e5271d6b-08ac-ba4c-9ea0-14a0a5f1e2a1"
						}
					},
					"guid": "23da36f4-0e85-0b48-b481-fec00d5b5f64",
					"hide_in_inspector": false,
					"name": "Foliage Sphere",
					"parent": "dd997319-5b69-ff4b-b697-97743a9a88d4",
					"position": {
						"x": -4.0,
						"y": -4.0,
						"z": 1.0
					},
					"rotation": {
						"w": 1.0,
						"x": 0.0,
						"y": 0.0,
						"z": 0.0
					},
					"scale": {
						"x": 1.0,
						"y": 1.0,
						"z": 1.0
					}
				},
				{
					"children": [],
					"components": {
						"RenderComponent": {
							"enabled": true,
							"guid": "abd2582d-6d66-044f-9746-a828600c5843",
							"material": "993394b9-a87c-3a41-8e98-b9cd3edf16f4",
							"mesh": "52624e00-db68-9646-acd4-672658581142"
						}
					},
					"guid": "b83cd147-465d-cb4b-b11b-0e53b64b2e76",
					"hide_in_inspector": false,
					"name": "Foliage Box",
					"parent": "dd997319-5b69-ff4b-b697-97743a9a88d4",
					"position": {
						"x": -6.0,
						"y": -4.0,
						"z": 1.0
					},
					"rotation": {
						"w": 1.0,
						"x": 0.0,
						"y": 0.0,
						"z": 0.0
					},
					"scale": {
						"x": 1.0,
						"y": 1.0,
						"z": 1.0
					}
				},
				{
					"children": [],
					"components": {
						"RenderComponent": {
							"enabled": true,
							"guid": "4eb09598-6ee8-1346-a543-671c20d4ced7",
							"material": "933cd335-e740-2f40-8262-eca082c5c2a9",
							"mesh": "e5271d6b-08ac-ba4c-9ea0-14a0a5f1e2a1"
						}
					},
					"guid": "86e5ebc2-7238-9a43-b651-e9fdab7286bc",
					"hide_in_inspector": false,
					"name": "Toon Object",
					"parent": "dd997319-5b69-ff4b-b697-97743a9a88d4",
					"position": {
						"x": -2.0,
						"y": -4.0,
						"z": 1.0
					},
					"rotation": {
						"w": 1.0,
						"x": 0.0,
						"y": 0.0,
						"z": 0.0
					},
					"scale": {
						"x": 1.0,
						"y": 1.0,
						"z": 1.0
					}
				},
				{
					"children": [],
					"components": {
						"RenderComponent": {
							"enabled": true,
							"guid": "c89ae53d-9684-4341-812e-84885fc1d99b",
							"material": "4f34d06e-79fb-a643-8fe9-5c7552b1ca18",
							"mesh": "e5271d6b-08ac-ba4c-9ea0-14a0a5f1e2a1"
						}
					},
					"guid": "1f17c859-fbbe-504a-bcea-a704a499ee18",
					"hide_in_inspector": false,
					"name": "Displacement Object",
					"parent": "dd997319-5b69-ff4b-b697-97743a9a88d4",
					"position": {
						"x": 2.0,
						"y": -4.0,
						"z": 1.0
					},
					"rotation": {
						"w": 1.0,
						"x": 0.0,
						"y": 0.0,
						"z": 0.0
					},
					"scale": {
						"x": 1.0,
						"y": 1.0,
						"z": 1.0
					}
				},
				{
					"children": [],
					"components": {
						"RenderComponent": {
							"enabled": true,
							"guid": "f017a29b-ec21-9442-bc23-be874a05ad2c",
							"material": "5ea7d38a-36fe-7142-b8ce-562a1afc8e36",
							"mesh": "e5271d6b-08ac-ba4c-9ea0-14a0a5f1e2a1"
						}
					},
					"guid": "9465a456-9d81-a846-b2e4-38161b555048",
					"hide_in_inspector": false,
					"name": "Multitextured Object",
					"parent": "dd997319-5b69-ff4b-b697-97743a9a88d4",
					"position": {
						"x": 4.0,
						"y": -4.0,
						"z": 1.0
					},
					"rotation": {
						"w": 1.0,
						"x": 0.0,
						"y": 0.0,
						"z": 0.0
					},
					"scale": {
						"x": 1.0,
						"y": 1.0,
						"z": 1.0
					}
				},
				{
					"children": [],
					"components": {
						"RenderComponent": {
							"enabled": true,
							"guid": "0f970d50-e7f8-a24c-995d-60fab4deb632",
							"material": "4d8817a8-468a-a746-a4ca-7b2304dc418c",
							"mesh": "e5271d6b-08ac-ba4c-9ea0-14a0a5f1e2a1"
						}
					},
					"guid": "6ae4a412-55f2-a048-8fe2-450f2546cf09",
					"hide_in_inspector": false,
					"name": "Normal Mapped Object",
					"parent": "dd997319-5b69-ff4b-b697-97743a9a88d4",
					"position": {
						"x": 6.0,
						"y": -4.0,
						"z": 1.0
					},
					"rotation": {
						"w": 1.0,
						"x": 0.0,
						"y": 0.0,
						"z": 0.0
					},
					"scale": {
						"x": 1.0,
						"y": 1.0,
						"z": 1.0
					}
				}
			],
			"components": null,
			"guid": "dd997319-5b69-ff4b-b697-97743a9a88d4",
			"hide_in_inspector": false,
			"name": "Demo Parent",
			"parent": "null",
			"position": {
				"x": 20.0,
				"y": 0.0,
				"z": 0.0
			},
			"rotation": {
				"w": 1.0,
				"x": 0.0,
				"y": 0.0,
				"z": 0.0
			},
			"scale": {
				"x": 1.0,
				"y": 1.0,
				"z": 1.0
			}
		},
		{
			"children": [],
			"components": {
				"RenderComponent": {
					"enabled": true,
					"guid": "bb6be5e5-d3a7-9d4b-b874-4778a96b14b4",
					"material": "4a8aa9ae-9065-c747-b194-ea1f62ff65e9",
					"mesh": "9fced31a-e443-684c-bc1d-cddce59d75de"
				}
			},
			"guid": "949ec6ed-5771-3041-b9d8-1da874ace60a",
			"hide_in_inspector": false,
			"name": "Specular Object",
			"parent": "dd997319-5b69-ff4b-b697-97743a9a88d4",
			"position": {
				"x": 0.0,
				"y": -4.0,
				"z": 1.0
			},
			"rotation": {
				"w": 1.0,
				"x": 0.0,
				"y": 0.0,
				"z": 0.0
			},
			"scale": {
				"x": 1.0,
				"y": 1.0,
				"z": 1.0
			}
		},
		{
			"children": [],
			"components": {
				"RenderComponent": {
					"enabled": true,
					"guid": "6fe564ff-d865-7148-aca6-f162eb2e84ef",
					"material": "993394b9-a87c-3a41-8e98-b9cd3edf16f4",
					"mesh": "e5271d6b-08ac-ba4c-9ea0-14a0a5f1e2a1"
				}
			},
			"guid": "23da36f4-0e85-0b48-b481-fec00d5b5f64",
			"hide_in_inspector": false,
			"name": "Foliage Sphere",
			"parent": "dd997319-5b69-ff4b-b697-97743a9a88d4",
			"position": {
				"x": -4.0,
				"y": -4.0,
				"z": 1.0
			},
			"rotation": {
				"w": 1.0,
				"x": 0.0,
				"y": 0.0,
				"z": 0.0
			},
			"scale": {
				"x": 1.0,
				"y": 1.0,
				"z": 1.0
			}
		},
		{
			"children": [],
			"components": {
				"RenderComponent": {
					"enabled": true,
					"guid": "abd2582d-6d66-044f-9746-a828600c5843",
					"material": "993394b9-a87c-3a41-8e98-b9cd3edf16f4",
					"mesh": "52624e00-db68-9646-acd4-672658581142"
				}
			},
			"guid": "b83cd147-465d-cb4b-b11b-0e53b64b2e76",
			"hide_in_inspector": false,
			"name": "Foliage Box",
			"parent": "dd997319-5b69-ff4b-b697-97743a9a88d4",
			"position": {
				"x": -6.0,
				"y": -4.0,
				"z": 1.0
			},
			"rotation": {
				"w": 1.0,
				"x": 0.0,
				"y": 0.0,
				"z": 0.0
			},
			"scale": {
				"x": 1.0,
				"y": 1.0,
				"z": 1.0
			}
		},
		{
			"children": [],
			"components": {
				"RenderComponent": {
					"enabled": true,
					"guid": "4eb09598-6ee8-1346-a543-671c20d4ced7",
					"material": "933cd335-e740-2f40-8262-eca082c5c2a9",
					"mesh": "e5271d6b-08ac-ba4c-9ea0-14a0a5f1e2a1"
				}
			},
			"guid": "86e5ebc2-7238-9a43-b651-e9fdab7286bc",
			"hide_in_inspector": false,
			"name": "Toon Object",
			"parent": "dd997319-5b69-ff4b-b697-97743a9a88d4",
			"position": {
				"x": -2.0,
				"y": -4.0,
				"z": 1.0
			},
			"rotation": {
				"w": 1.0,
				"x": 0.0,
				"y": 0.0,
				"z": 0.0
			},
			"scale": {
				"x": 1.0,
				"y": 1.0,
				"z": 1.0
			}
		},
		{
			"children": [],
			"components": {
				"RenderComponent": {
					"enabled": true,
					"guid": "c89ae53d-9684-4341-812e-84885fc1d99b",
					"material": "4f34d06e-79fb-a643-8fe9-5c7552b1ca18",
					"mesh": "e5271d6b-08ac-ba4c-9ea0-14a0a5f1e2a1"
				}
			},
			"guid": "1f17c859-fbbe-504a-bcea-a704a499ee18",
			"hide_in_inspector": false,
			"name": "Displacement Object",
			"parent": "dd997319-5b69-ff4b-b697-97743a9a88d4",
			"position": {
				"x": 2.0,
				"y": -4.0,
				"z": 1.0
			},
			"rotation": {
				"w": 1.0,
				"x": 0.0,
				"y": 0.0,
				"z": 0.0
			},
			"scale": {
				"x": 1.0,
				"y": 1.0,
				"z": 1.0
			}
		},
		{
			"children": [],
			"components": {
				"RenderComponent": {
					"enabled": true,
					"guid": "f017a29b-ec21-9442-bc23-be874a05ad2c",
					"material": "5ea7d38a-36fe-7142-b8ce-562a1afc8e36",
					"mesh": "e5271d6b-08ac-ba4c-9ea0-14a0a5f1e2a1"
				}
			},
			"guid": "9465a456-9d81-a846-b2e4-38161b555048",
			"hide_in_inspector": false,
			"name": "Multitextured Object",
			"parent": "dd997319-5b69-ff4b-b697-97743a9a88d4",
			"position": {
				"x": 4.0,
				"y": -4.0,
				"z": 1.0
			},
			"rotation": {
				"w": 1.0,
				"x": 0.0,
				"y": 0.0,
				"z": 0.0
			},
			"scale": {
				"x": 1.0,
				"y": 1.0,
				"z": 1.0
			}
		},
		{
			"children": [],
			"components": {
				"RenderComponent": {
					"enabled": true,
					"guid": "0f970d50-e7f8-a24c-995d-60fab4deb632",
					"material": "4d8817a8-468a-a746-a4ca-7b2304dc418c",
					"mesh": "e5271d6b-08ac-ba4c-9ea0-14a0a5f1e2a1"
				}
			},
			"guid": "6ae4a412-55f2-a048-8fe2-450f2546cf09",
			"hide_in_inspector": false,
			"name": "Normal Mapped Object",
			"parent": "dd997319-5b69-ff4b-b697-97743a9a88d4",
			"position": {
				"x": 6.0,
				"y": -4.0,
				"z": 1.0
			},
			"rotation": {
				"w": 1.0,
				"x": 0.0,
				"y": 0.0,
				"z": 0.0
			},
			"scale": {
				"x": 1.0,
				"y": 1.0,
				"z": 1.0
			}
		},
		{
			"children": [],
			"components": {
				"Gameplay::Physics::TriggerVolume": {
					"colliders": [
						{
							"guid": "46643315-7245-b14f-b966-0a0316e5c7a1",
							"half_extents": {
								"x": 3.0,
								"y": 3.0,
								"z": 1.0
							},
							"position": {
								"x": 0.0,
								"y": 0.0,
								"z": 0.5
							},
							"rotation": {
								"x": 0.0,
								"y": 0.0,
								"z": 0.0
							},
							"scale": {
								"x": 1.0,
								"y": 1.0,
								"z": 1.0
							},
							"type": "Cylinder"
						}
					],
					"enabled": true,
					"group": 1,
					"guid": "6b1292f9-28e1-c141-a06d-33e5a45b186c",
					"mask": -1
				},
				"TriggerVolumeEnterBehaviour": {
					"enabled": true,
					"guid": "756b1bc9-78b4-9d42-a5bc-eb2dfb0e4532"
				}
			},
			"guid": "b2801fe8-6cd1-8644-8f6a-15db78e73eee",
			"hide_in_inspector": false,
			"name": "Trigger",
			"parent": "null",
			"position": {
				"x": 0.0,
				"y": 0.0,
				"z": 0.0
			},
			"rotation": {
				"w": 1.0,
				"x": 0.0,
				"y": 0.0,
				"z": 0.0
			},
			"scale": {
				"x": 1.0,
				"y": 1.0,
				"z": 1.0
			}
		},
		{
			"children": [],
			"components": {
				"RenderComponent": {
					"enabled": true,
					"guid": "85b8d789-c56d-2843-9e57-e2f2679d41aa",
					"material": "5ea7d38a-36fe-7142-b8ce-562a1afc8e36",
					"mesh": "340e4a22-d09a-ab4e-8c34-5d3298914d1b"
				}
			},
			"guid": "60cb61c6-bc1f-444f-a321-afec4c77e039",
			"hide_in_inspector": false,
			"name": "Multitextured floor",
			"parent": "null",
			"position": {
				"x": 0.0,
				"y": -27.5,
				"z": -0.44999998807907104
			},
			"rotation": {
				"w": 1.0,
				"x": 0.0,
				"y": 0.0,
				"z": 0.0
			},
			"scale": {
				"x": 25.0,
				"y": 25.0,
				"z": 1.0
			}
		},
		{
			"children": [],
			"components": {
				"Gameplay::Physics::RigidBody": {
					"angular_damping": 0.004999999888241291,
					"colliders": [
						{
							"extents": {
								"x": 1.0,
								"y": 1.0,
								"z": 1.0
							},
							"guid": "7bb9c490-16fd-584a-ab7a-189f401866a7",
							"position": {
								"x": 0.0,
								"y": 0.0,
								"z": 0.0
							},
							"rotation": {
								"x": 0.0,
								"y": 0.0,
								"z": 0.0
							},
							"scale": {
								"x": 1.0,
								"y": 1.0,
								"z": 1.0
							},
							"type": "Box"
						}
					],
					"enabled": true,
					"group": 1,
					"guid": "46451884-0a54-cf4a-8551-675a1dcaeba7",
					"linear_damping": 0.0,
					"mask": -1,
					"mass": 1.0,
					"type": "Static"
				},
				"RenderComponent": {
					"enabled": true,
					"guid": "32dd3c70-7442-8b48-b6df-49bf01aa70e2",
					"material": "4f34d06e-79fb-a643-8fe9-5c7552b1ca18",
					"mesh": "456f062b-a759-c04c-9791-0a33be34bceb"
				}
			},
			"guid": "bb7edf94-3d8a-4f47-88a2-b5dfec30d011",
			"hide_in_inspector": false,
			"name": "Displacement Wall",
			"parent": "null",
			"position": {
				"x": 0.0,
				"y": 5.0,
				"z": 9.0
			},
			"rotation": {
				"w": 1.0,
				"x": 0.0,
				"y": 0.0,
				"z": 0.0
			},
			"scale": {
				"x": 20.0,
				"y": 1.0,
				"z": 20.0
			}
		},
		{
			"children": [],
			"components": {
				"Gameplay::Physics::RigidBody": {
					"angular_damping": 0.004999999888241291,
					"colliders": [
						{
							"extents": {
								"x": 1.0,
								"y": 1.0,
								"z": 1.0
							},
							"guid": "ee45e699-38e1-324d-8eab-f4274029a0b6",
							"position": {
								"x": 0.0,
								"y": 0.0,
								"z": 0.0
							},
							"rotation": {
								"x": 0.0,
								"y": 0.0,
								"z": 0.0
							},
							"scale": {
								"x": 1.0,
								"y": 1.0,
								"z": 1.0
							},
							"type": "Box"
						}
					],
					"enabled": true,
					"group": 1,
					"guid": "ca62f00f-9120-fa40-9aa2-8989ce276cc8",
					"linear_damping": 0.0,
					"mask": -1,
					"mass": 1.0,
					"type": "Static"
				},
				"RenderComponent": {
					"enabled": true,
					"guid": "3f3bcb31-1c4b-594e-a068-a9f258dda043",
					"material": "4f34d06e-79fb-a643-8fe9-5c7552b1ca18",
					"mesh": "456f062b-a759-c04c-9791-0a33be34bceb"
				}
			},
			"guid": "0150f3d8-34ab-4040-9c22-2439f36c045f",
			"hide_in_inspector": false,
			"name": "Displacement Wall2",
			"parent": "null",
			"position": {
				"x": 10.0,
				"y": -5.0,
				"z": 5.0
			},
			"rotation": {
				"w": 0.7071067690849304,
				"x": 0.0,
				"y": 0.0,
				"z": 0.7071067690849304
			},
			"scale": {
				"x": 20.0,
				"y": 1.0,
				"z": 20.0
			}
		},
		{
			"children": [],
			"components": {
				"Gameplay::Physics::RigidBody": {
					"angular_damping": 0.004999999888241291,
					"colliders": [
						{
							"extents": {
								"x": 1.0,
								"y": 1.0,
								"z": 1.0
							},
							"guid": "84ef9142-743d-374c-9e05-6bf5481472e0",
							"position": {
								"x": 0.0,
								"y": 0.0,
								"z": 0.0
							},
							"rotation": {
								"x": 0.0,
								"y": 0.0,
								"z": 0.0
							},
							"scale": {
								"x": 1.0,
								"y": 1.0,
								"z": 1.0
							},
							"type": "Box"
						}
					],
					"enabled": true,
					"group": 1,
					"guid": "ecd1ad64-1df6-7940-86c6-0ec52efa2338",
					"linear_damping": 0.0,
					"mask": -1,
					"mass": 1.0,
					"type": "Static"
				},
				"RenderComponent": {
					"enabled": true,
					"guid": "54bd989a-decd-0741-b7e5-151c672f01f7",
					"material": "4f34d06e-79fb-a643-8fe9-5c7552b1ca18",
					"mesh": "456f062b-a759-c04c-9791-0a33be34bceb"
				}
			},
			"guid": "278a8192-445b-3e48-aba3-b5b3662c4407",
			"hide_in_inspector": false,
			"name": "Displacement Wall3",
			"parent": "null",
			"position": {
				"x": -10.0,
				"y": -5.0,
				"z": -1.0
			},
			"rotation": {
				"w": 0.7071067690849304,
				"x": 0.0,
				"y": 0.0,
				"z": 0.7071067690849304
			},
			"scale": {
				"x": 20.0,
				"y": 1.0,
				"z": 20.0
			}
		},
		{
			"children": [],
			"components": {
				"Gameplay::Physics::RigidBody": {
					"angular_damping": 0.004999999888241291,
					"colliders": [
						{
							"extents": {
								"x": 1.0,
								"y": 1.0,
								"z": 1.0
							},
							"guid": "6fdd538a-5357-8e4b-8773-043f7e2c9a4d",
							"position": {
								"x": 0.0,
								"y": 0.0,
								"z": 0.0
							},
							"rotation": {
								"x": 0.0,
								"y": 0.0,
								"z": 0.0
							},
							"scale": {
								"x": 1.0,
								"y": 1.0,
								"z": 1.0
							},
							"type": "Box"
						}
					],
					"enabled": true,
					"group": 1,
					"guid": "973a6b0b-26ef-a644-a27e-5ab64fe1f74c",
					"linear_damping": 0.0,
					"mask": -1,
					"mass": 1.0,
					"type": "Static"
				},
				"RenderComponent": {
					"enabled": true,
					"guid": "d73945a0-1b84-4c47-9c3c-27e1e114fc18",
					"material": "4a8aa9ae-9065-c747-b194-ea1f62ff65e9",
					"mesh": "3d177dd9-56a3-eb48-98aa-78a802963b56"
				}
			},
			"guid": "807419ac-47bb-5945-9ac2-72d801691307",
			"hide_in_inspector": false,
			"name": "player",
			"parent": "null",
			"position": {
				"x": 0.0,
				"y": -10.0,
				"z": 1.0
			},
			"rotation": {
				"w": 1.0,
				"x": 0.0,
				"y": 0.0,
				"z": 0.0
			},
			"scale": {
				"x": 1.5,
				"y": 1.5,
				"z": 1.5
			}
		},
		{
			"children": [
				{
					"children": [],
					"components": {
						"Gameplay::Physics::RigidBody": {
							"angular_damping": 0.004999999888241291,
							"colliders": [
								{
									"extents": {
										"x": 1.0,
										"y": 1.0,
										"z": 1.0
									},
									"guid": "9523a1ec-2af6-2044-b704-56cd66bba056",
									"position": {
										"x": 0.0,
										"y": 0.0,
										"z": 0.0
									},
									"rotation": {
										"x": 0.0,
										"y": 0.0,
										"z": 0.0
									},
									"scale": {
										"x": 1.0,
										"y": 1.0,
										"z": 1.0
									},
									"type": "Box"
								}
							],
							"enabled": true,
							"group": 1,
							"guid": "c7e184ec-34a6-5146-8886-de4e092b3b91",
							"linear_damping": 0.0,
							"mask": -1,
							"mass": 1.0,
							"type": "Static"
						},
						"RenderComponent": {
							"enabled": true,
							"guid": "7428be36-e7dd-4e45-b6ac-96afcdf3b00a",
							"material": "4a8aa9ae-9065-c747-b194-ea1f62ff65e9",
							"mesh": "aef0b960-c8a9-3440-a130-6fae7c934e5e"
						}
					},
					"guid": "59deab44-6b9e-154f-89ca-5d59f665dc47",
					"hide_in_inspector": false,
					"name": "person1",
					"parent": "b2609297-d231-0648-859b-b27761988001",
					"position": {
						"x": -4.679999828338623,
						"y": -3.9800000190734863,
						"z": 1.0
					},
					"rotation": {
						"w": 1.0,
						"x": 0.0,
						"y": 0.0,
						"z": 0.0
					},
					"scale": {
						"x": 1.5,
						"y": 1.5,
						"z": 1.5
					}
				},
				{
					"children": [],
					"components": {
						"Gameplay::Physics::RigidBody": {
							"angular_damping": 0.004999999888241291,
							"colliders": [
								{
									"extents": {
										"x": 1.0,
										"y": 1.0,
										"z": 1.0
									},
									"guid": "9ce3177a-3f96-0b41-b1a2-984c93b8f74a",
									"position": {
										"x": 0.0,
										"y": 0.0,
										"z": 0.0
									},
									"rotation": {
										"x": 0.0,
										"y": 0.0,
										"z": 0.0
									},
									"scale": {
										"x": 1.0,
										"y": 1.0,
										"z": 1.0
									},
									"type": "Box"
								}
							],
							"enabled": true,
							"group": 1,
							"guid": "385ee0fe-af46-c94e-8664-ff6950ebd5ae",
							"linear_damping": 0.0,
							"mask": -1,
							"mass": 1.0,
							"type": "Static"
						},
						"RenderComponent": {
							"enabled": true,
							"guid": "4d0a300a-efd8-5141-9471-225970772cc6",
							"material": "4a8aa9ae-9065-c747-b194-ea1f62ff65e9",
							"mesh": "aa0ac8e2-4a36-1e4e-ac07-483f3aa93f82"
						}
					},
					"guid": "7454378e-d597-764a-acf1-9f946af570a6",
					"hide_in_inspector": false,
					"name": "person2",
					"parent": "b2609297-d231-0648-859b-b27761988001",
					"position": {
						"x": 2.240000009536743,
						"y": -7.360000133514404,
						"z": 1.0
					},
					"rotation": {
						"w": 1.0,
						"x": 0.0,
						"y": 0.0,
						"z": 0.0
					},
					"scale": {
						"x": 1.5,
						"y": 1.5,
						"z": 1.5
					}
				},
				{
					"children": [],
					"components": {
						"Gameplay::Physics::RigidBody": {
							"angular_damping": 0.004999999888241291,
							"colliders": [
								{
									"extents": {
										"x": 1.0,
										"y": 1.0,
										"z": 1.0
									},
									"guid": "b2cc662a-5e66-8e43-b931-a0bfc069c5d6",
									"position": {
										"x": 0.0,
										"y": 0.0,
										"z": 0.0
									},
									"rotation": {
										"x": 0.0,
										"y": 0.0,
										"z": 0.0
									},
									"scale": {
										"x": 1.0,
										"y": 1.0,
										"z": 1.0
									},
									"type": "Box"
								}
							],
							"enabled": true,
							"group": 1,
							"guid": "a17d31c6-ce28-5043-81dc-87f48b460c5f",
							"linear_damping": 0.0,
							"mask": -1,
							"mass": 1.0,
							"type": "Static"
						},
						"RenderComponent": {
							"enabled": true,
							"guid": "b364c1f2-0624-dc4c-9181-082aa0a0a286",
							"material": "4a8aa9ae-9065-c747-b194-ea1f62ff65e9",
							"mesh": "cc3250d9-1362-2b41-b91a-6d202589c83e"
						}
					},
					"guid": "0659efdb-ebdb-1e4b-86d9-a7e93ab41cc8",
					"hide_in_inspector": false,
					"name": "person3",
					"parent": "b2609297-d231-0648-859b-b27761988001",
					"position": {
						"x": 4.329999923706055,
						"y": -5.139999866485596,
						"z": 1.0
					},
					"rotation": {
						"w": 1.0,
						"x": 0.0,
						"y": 0.0,
						"z": 0.0
					},
					"scale": {
						"x": 1.5,
						"y": 1.5,
						"z": 1.5
					}
				},
				{
					"children": [],
					"components": {
						"Gameplay::Physics::RigidBody": {
							"angular_damping": 0.004999999888241291,
							"colliders": [
								{
									"extents": {
										"x": 1.0,
										"y": 1.0,
										"z": 1.0
									},
									"guid": "5a628f59-33ae-ce4c-aa56-574df638dbc8",
									"position": {
										"x": 0.0,
										"y": 0.0,
										"z": 0.0
									},
									"rotation": {
										"x": 0.0,
										"y": 0.0,
										"z": 0.0
									},
									"scale": {
										"x": 1.0,
										"y": 1.0,
										"z": 1.0
									},
									"type": "Box"
								}
							],
							"enabled": true,
							"group": 1,
							"guid": "93276e57-1388-454d-8445-7f0b04e6409d",
							"linear_damping": 0.0,
							"mask": -1,
							"mass": 1.0,
							"type": "Static"
						},
						"RenderComponent": {
							"enabled": true,
							"guid": "1ef2e74b-7e38-6d47-b5de-1bd5b2195bad",
							"material": "4a8aa9ae-9065-c747-b194-ea1f62ff65e9",
							"mesh": "1e7b1c15-5bc3-3444-b4ee-c9aabf793d51"
						}
					},
					"guid": "66761c34-2de6-c440-b9b7-8ed28e5efc1a",
					"hide_in_inspector": false,
					"name": "person4",
					"parent": "b2609297-d231-0648-859b-b27761988001",
					"position": {
						"x": -2.3499999046325684,
						"y": -9.119999885559082,
						"z": 1.0
					},
					"rotation": {
						"w": 1.0,
						"x": 0.0,
						"y": 0.0,
						"z": 0.0
					},
					"scale": {
						"x": 1.5,
						"y": 1.5,
						"z": 1.5
					}
				},
				{
					"children": [],
					"components": {
						"Gameplay::Physics::RigidBody": {
							"angular_damping": 0.004999999888241291,
							"colliders": [
								{
									"extents": {
										"x": 1.0,
										"y": 1.0,
										"z": 1.0
									},
									"guid": "6e17f600-6dcf-f149-b76c-c6d6f1207a0c",
									"position": {
										"x": 0.0,
										"y": 0.0,
										"z": 0.0
									},
									"rotation": {
										"x": 0.0,
										"y": 0.0,
										"z": 0.0
									},
									"scale": {
										"x": 1.0,
										"y": 1.0,
										"z": 1.0
									},
									"type": "Box"
								}
							],
							"enabled": true,
							"group": 1,
							"guid": "4e850ac3-9fa5-4348-8a2b-1d08341f4a21",
							"linear_damping": 0.0,
							"mask": -1,
							"mass": 1.0,
							"type": "Static"
						},
						"RenderComponent": {
							"enabled": true,
							"guid": "25ccc216-d805-3941-bde8-795c1d99c97b",
							"material": "4a8aa9ae-9065-c747-b194-ea1f62ff65e9",
							"mesh": "a45e190f-6688-b44e-a443-f6110146c5f5"
						}
					},
					"guid": "1f39a43c-9d7d-5a4d-845e-a7bf0211874c",
					"hide_in_inspector": false,
					"name": "person5",
					"parent": "b2609297-d231-0648-859b-b27761988001",
					"position": {
						"x": 4.659999847412109,
						"y": -9.020000457763672,
						"z": 1.0
					},
					"rotation": {
						"w": 1.0,
						"x": 0.0,
						"y": 0.0,
						"z": 0.0
					},
					"scale": {
						"x": 1.5,
						"y": 1.5,
						"z": 1.5
					}
				},
				{
					"children": [],
					"components": {
						"Gameplay::Physics::RigidBody": {
							"angular_damping": 0.004999999888241291,
							"colliders": [
								{
									"extents": {
										"x": 1.0,
										"y": 1.0,
										"z": 1.0
									},
									"guid": "d567949d-2d58-5d46-9bcf-17582b412a51",
									"position": {
										"x": 0.0,
										"y": 0.0,
										"z": 0.0
									},
									"rotation": {
										"x": 0.0,
										"y": 0.0,
										"z": 0.0
									},
									"scale": {
										"x": 1.0,
										"y": 1.0,
										"z": 1.0
									},
									"type": "Box"
								}
							],
							"enabled": true,
							"group": 1,
							"guid": "1bd58a99-5053-f944-a1d2-eccd378fa46d",
							"linear_damping": 0.0,
							"mask": -1,
							"mass": 1.0,
							"type": "Static"
						},
						"RenderComponent": {
							"enabled": true,
							"guid": "c206c529-d1c8-c749-9a97-b196a9c90d81",
							"material": "4a8aa9ae-9065-c747-b194-ea1f62ff65e9",
							"mesh": "70edbe2e-c847-a04c-901d-1e362c7bda3d"
						}
					},
					"guid": "d9b293fb-2fc3-484a-84c8-58e510e51a6d",
					"hide_in_inspector": false,
					"name": "person6",
					"parent": "b2609297-d231-0648-859b-b27761988001",
					"position": {
						"x": -4.0,
						"y": -11.880000114440918,
						"z": 1.0
					},
					"rotation": {
						"w": 1.0,
						"x": 0.0,
						"y": 0.0,
						"z": 0.0
					},
					"scale": {
						"x": 1.5,
						"y": 1.5,
						"z": 1.5
					}
				},
				{
					"children": [],
					"components": {
						"Gameplay::Physics::RigidBody": {
							"angular_damping": 0.004999999888241291,
							"colliders": [
								{
									"extents": {
										"x": 1.0,
										"y": 1.0,
										"z": 1.0
									},
									"guid": "a9ae83aa-837a-bb4e-a88f-5ce00c965451",
									"position": {
										"x": 0.0,
										"y": 0.0,
										"z": 0.0
									},
									"rotation": {
										"x": 0.0,
										"y": 0.0,
										"z": 0.0
									},
									"scale": {
										"x": 1.0,
										"y": 1.0,
										"z": 1.0
									},
									"type": "Box"
								}
							],
							"enabled": true,
							"group": 1,
							"guid": "2a0fff78-fdc8-ae42-80d4-0c21db96838e",
							"linear_damping": 0.0,
							"mask": -1,
							"mass": 1.0,
							"type": "Static"
						},
						"RenderComponent": {
							"enabled": true,
							"guid": "ce82ce64-8520-9e44-bea9-dc0008381f53",
							"material": "4a8aa9ae-9065-c747-b194-ea1f62ff65e9",
							"mesh": "a2c0927b-8437-d547-93db-fcfb07a94001"
						}
					},
					"guid": "9b55c4cc-bc9e-fd4f-a521-34a52b6eee8f",
					"hide_in_inspector": false,
					"name": "person7",
					"parent": "b2609297-d231-0648-859b-b27761988001",
					"position": {
						"x": 1.8250000476837158,
						"y": -3.0280001163482666,
						"z": 1.0
					},
					"rotation": {
						"w": 1.0,
						"x": 0.0,
						"y": 0.0,
						"z": 0.0
					},
					"scale": {
						"x": 1.5,
						"y": 1.5,
						"z": 1.5
					}
				},
				{
					"children": [],
					"components": {
						"Gameplay::Physics::RigidBody": {
							"angular_damping": 0.004999999888241291,
							"colliders": [
								{
									"extents": {
										"x": 1.0,
										"y": 1.0,
										"z": 1.0
									},
									"guid": "1feb1bc5-7dec-584c-88b3-bd77e4342023",
									"position": {
										"x": 0.0,
										"y": 0.0,
										"z": 0.0
									},
									"rotation": {
										"x": 0.0,
										"y": 0.0,
										"z": 0.0
									},
									"scale": {
										"x": 1.0,
										"y": 1.0,
										"z": 1.0
									},
									"type": "Box"
								}
							],
							"enabled": true,
							"group": 1,
							"guid": "729f1f95-7af3-6245-84e1-3868f5a8018d",
							"linear_damping": 0.0,
							"mask": -1,
							"mass": 1.0,
							"type": "Static"
						},
						"RenderComponent": {
							"enabled": true,
							"guid": "345768ab-83fd-9b4b-a9ce-07d97d35335b",
							"material": "4a8aa9ae-9065-c747-b194-ea1f62ff65e9",
							"mesh": "941fb5fb-df88-2449-a16a-30de36540c8f"
						}
					},
					"guid": "b0068b7f-ba6b-2145-8cb7-298d651f518e",
					"hide_in_inspector": false,
					"name": "person8",
					"parent": "b2609297-d231-0648-859b-b27761988001",
					"position": {
						"x": -5.755000114440918,
						"y": -7.936999797821045,
						"z": 1.0
					},
					"rotation": {
						"w": 1.0,
						"x": 0.0,
						"y": 0.0,
						"z": 0.0
					},
					"scale": {
						"x": 1.5,
						"y": 1.5,
						"z": 1.5
					}
				}
			],
			"components": null,
			"guid": "b2609297-d231-0648-859b-b27761988001",
			"hide_in_inspector": false,
			"name": "Crowd",
			"parent": "null",
			"position": {
				"x": 0.0,
				"y": 0.0,
				"z": 0.0
			},
			"rotation": {
				"w": 1.0,
				"x": 0.0,
				"y": 0.0,
				"z": 0.0
			},
			"scale": {
				"x": 1.0,
				"y": 1.0,
				"z": 1.0
			}
		},
		{
			"children": [],
			"components": {
				"Gameplay::Physics::RigidBody": {
					"angular_damping": 0.004999999888241291,
					"colliders": [
						{
							"extents": {
								"x": 1.0,
								"y": 1.0,
								"z": 1.0
							},
							"guid": "9523a1ec-2af6-2044-b704-56cd66bba056",
							"position": {
								"x": 0.0,
								"y": 0.0,
								"z": 0.0
							},
							"rotation": {
								"x": 0.0,
								"y": 0.0,
								"z": 0.0
							},
							"scale": {
								"x": 1.0,
								"y": 1.0,
								"z": 1.0
							},
							"type": "Box"
						}
					],
					"enabled": true,
					"group": 1,
					"guid": "c7e184ec-34a6-5146-8886-de4e092b3b91",
					"linear_damping": 0.0,
					"mask": -1,
					"mass": 1.0,
					"type": "Static"
				},
				"RenderComponent": {
					"enabled": true,
					"guid": "7428be36-e7dd-4e45-b6ac-96afcdf3b00a",
					"material": "4a8aa9ae-9065-c747-b194-ea1f62ff65e9",
					"mesh": "aef0b960-c8a9-3440-a130-6fae7c934e5e"
				}
			},
			"guid": "59deab44-6b9e-154f-89ca-5d59f665dc47",
			"hide_in_inspector": false,
			"name": "person1",
			"parent": "b2609297-d231-0648-859b-b27761988001",
			"position": {
				"x": -4.679999828338623,
				"y": -3.9800000190734863,
				"z": 1.0
			},
			"rotation": {
				"w": 1.0,
				"x": 0.0,
				"y": 0.0,
				"z": 0.0
			},
			"scale": {
				"x": 1.5,
				"y": 1.5,
				"z": 1.5
			}
		},
		{
			"children": [],
			"components": {
				"Gameplay::Physics::RigidBody": {
					"angular_damping": 0.004999999888241291,
					"colliders": [
						{
							"extents": {
								"x": 1.0,
								"y": 1.0,
								"z": 1.0
							},
							"guid": "9ce3177a-3f96-0b41-b1a2-984c93b8f74a",
							"position": {
								"x": 0.0,
								"y": 0.0,
								"z": 0.0
							},
							"rotation": {
								"x": 0.0,
								"y": 0.0,
								"z": 0.0
							},
							"scale": {
								"x": 1.0,
								"y": 1.0,
								"z": 1.0
							},
							"type": "Box"
						}
					],
					"enabled": true,
					"group": 1,
					"guid": "385ee0fe-af46-c94e-8664-ff6950ebd5ae",
					"linear_damping": 0.0,
					"mask": -1,
					"mass": 1.0,
					"type": "Static"
				},
				"RenderComponent": {
					"enabled": true,
					"guid": "4d0a300a-efd8-5141-9471-225970772cc6",
					"material": "4a8aa9ae-9065-c747-b194-ea1f62ff65e9",
					"mesh": "aa0ac8e2-4a36-1e4e-ac07-483f3aa93f82"
				}
			},
			"guid": "7454378e-d597-764a-acf1-9f946af570a6",
			"hide_in_inspector": false,
			"name": "person2",
			"parent": "b2609297-d231-0648-859b-b27761988001",
			"position": {
				"x": 2.240000009536743,
				"y": -7.360000133514404,
				"z": 1.0
			},
			"rotation": {
				"w": 1.0,
				"x": 0.0,
				"y": 0.0,
				"z": 0.0
			},
			"scale": {
				"x": 1.5,
				"y": 1.5,
				"z": 1.5
			}
		},
		{
			"children": [],
			"components": {
				"Gameplay::Physics::RigidBody": {
					"angular_damping": 0.004999999888241291,
					"colliders": [
						{
							"extents": {
								"x": 1.0,
								"y": 1.0,
								"z": 1.0
							},
							"guid": "b2cc662a-5e66-8e43-b931-a0bfc069c5d6",
							"position": {
								"x": 0.0,
								"y": 0.0,
								"z": 0.0
							},
							"rotation": {
								"x": 0.0,
								"y": 0.0,
								"z": 0.0
							},
							"scale": {
								"x": 1.0,
								"y": 1.0,
								"z": 1.0
							},
							"type": "Box"
						}
					],
					"enabled": true,
					"group": 1,
					"guid": "a17d31c6-ce28-5043-81dc-87f48b460c5f",
					"linear_damping": 0.0,
					"mask": -1,
					"mass": 1.0,
					"type": "Static"
				},
				"RenderComponent": {
					"enabled": true,
					"guid": "b364c1f2-0624-dc4c-9181-082aa0a0a286",
					"material": "4a8aa9ae-9065-c747-b194-ea1f62ff65e9",
					"mesh": "cc3250d9-1362-2b41-b91a-6d202589c83e"
				}
			},
			"guid": "0659efdb-ebdb-1e4b-86d9-a7e93ab41cc8",
			"hide_in_inspector": false,
			"name": "person3",
			"parent": "b2609297-d231-0648-859b-b27761988001",
			"position": {
				"x": 4.329999923706055,
				"y": -5.139999866485596,
				"z": 1.0
			},
			"rotation": {
				"w": 1.0,
				"x": 0.0,
				"y": 0.0,
				"z": 0.0
			},
			"scale": {
				"x": 1.5,
				"y": 1.5,
				"z": 1.5
			}
		},
		{
			"children": [],
			"components": {
				"Gameplay::Physics::RigidBody": {
					"angular_damping": 0.004999999888241291,
					"colliders": [
						{
							"extents": {
								"x": 1.0,
								"y": 1.0,
								"z": 1.0
							},
							"guid": "5a628f59-33ae-ce4c-aa56-574df638dbc8",
							"position": {
								"x": 0.0,
								"y": 0.0,
								"z": 0.0
							},
							"rotation": {
								"x": 0.0,
								"y": 0.0,
								"z": 0.0
							},
							"scale": {
								"x": 1.0,
								"y": 1.0,
								"z": 1.0
							},
							"type": "Box"
						}
					],
					"enabled": true,
					"group": 1,
					"guid": "93276e57-1388-454d-8445-7f0b04e6409d",
					"linear_damping": 0.0,
					"mask": -1,
					"mass": 1.0,
					"type": "Static"
				},
				"RenderComponent": {
					"enabled": true,
					"guid": "1ef2e74b-7e38-6d47-b5de-1bd5b2195bad",
					"material": "4a8aa9ae-9065-c747-b194-ea1f62ff65e9",
					"mesh": "1e7b1c15-5bc3-3444-b4ee-c9aabf793d51"
				}
			},
			"guid": "66761c34-2de6-c440-b9b7-8ed28e5efc1a",
			"hide_in_inspector": false,
			"name": "person4",
			"parent": "b2609297-d231-0648-859b-b27761988001",
			"position": {
				"x": -2.3499999046325684,
				"y": -9.119999885559082,
				"z": 1.0
			},
			"rotation": {
				"w": 1.0,
				"x": 0.0,
				"y": 0.0,
				"z": 0.0
			},
			"scale": {
				"x": 1.5,
				"y": 1.5,
				"z": 1.5
			}
		},
		{
			"children": [],
			"components": {
				"Gameplay::Physics::RigidBody": {
					"angular_damping": 0.004999999888241291,
					"colliders": [
						{
							"extents": {
								"x": 1.0,
								"y": 1.0,
								"z": 1.0
							},
							"guid": "6e17f600-6dcf-f149-b76c-c6d6f1207a0c",
							"position": {
								"x": 0.0,
								"y": 0.0,
								"z": 0.0
							},
							"rotation": {
								"x": 0.0,
								"y": 0.0,
								"z": 0.0
							},
							"scale": {
								"x": 1.0,
								"y": 1.0,
								"z": 1.0
							},
							"type": "Box"
						}
					],
					"enabled": true,
					"group": 1,
					"guid": "4e850ac3-9fa5-4348-8a2b-1d08341f4a21",
					"linear_damping": 0.0,
					"mask": -1,
					"mass": 1.0,
					"type": "Static"
				},
				"RenderComponent": {
					"enabled": true,
					"guid": "25ccc216-d805-3941-bde8-795c1d99c97b",
					"material": "4a8aa9ae-9065-c747-b194-ea1f62ff65e9",
					"mesh": "a45e190f-6688-b44e-a443-f6110146c5f5"
				}
			},
			"guid": "1f39a43c-9d7d-5a4d-845e-a7bf0211874c",
			"hide_in_inspector": false,
			"name": "person5",
			"parent": "b2609297-d231-0648-859b-b27761988001",
			"position": {
				"x": 4.659999847412109,
				"y": -9.020000457763672,
				"z": 1.0
			},
			"rotation": {
				"w": 1.0,
				"x": 0.0,
				"y": 0.0,
				"z": 0.0
			},
			"scale": {
				"x": 1.5,
				"y": 1.5,
				"z": 1.5
			}
		},
		{
			"children": [],
			"components": {
				"Gameplay::Physics::RigidBody": {
					"angular_damping": 0.004999999888241291,
					"colliders": [
						{
							"extents": {
								"x": 1.0,
								"y": 1.0,
								"z": 1.0
							},
							"guid": "d567949d-2d58-5d46-9bcf-17582b412a51",
							"position": {
								"x": 0.0,
								"y": 0.0,
								"z": 0.0
							},
							"rotation": {
								"x": 0.0,
								"y": 0.0,
								"z": 0.0
							},
							"scale": {
								"x": 1.0,
								"y": 1.0,
								"z": 1.0
							},
							"type": "Box"
						}
					],
					"enabled": true,
					"group": 1,
					"guid": "1bd58a99-5053-f944-a1d2-eccd378fa46d",
					"linear_damping": 0.0,
					"mask": -1,
					"mass": 1.0,
					"type": "Static"
				},
				"RenderComponent": {
					"enabled": true,
					"guid": "c206c529-d1c8-c749-9a97-b196a9c90d81",
					"material": "4a8aa9ae-9065-c747-b194-ea1f62ff65e9",
					"mesh": "70edbe2e-c847-a04c-901d-1e362c7bda3d"
				}
			},
			"guid": "d9b293fb-2fc3-484a-84c8-58e510e51a6d",
			"hide_in_inspector": false,
			"name": "person6",
			"parent": "b2609297-d231-0648-859b-b27761988001",
			"position": {
				"x": -4.0,
				"y": -11.880000114440918,
				"z": 1.0
			},
			"rotation": {
				"w": 1.0,
				"x": 0.0,
				"y": 0.0,
				"z": 0.0
			},
			"scale": {
				"x": 1.5,
				"y": 1.5,
				"z": 1.5
			}
		},
		{
			"children": [],
			"components": {
				"Gameplay::Physics::RigidBody": {
					"angular_damping": 0.004999999888241291,
					"colliders": [
						{
							"extents": {
								"x": 1.0,
								"y": 1.0,
								"z": 1.0
							},
							"guid": "a9ae83aa-837a-bb4e-a88f-5ce00c965451",
							"position": {
								"x": 0.0,
								"y": 0.0,
								"z": 0.0
							},
							"rotation": {
								"x": 0.0,
								"y": 0.0,
								"z": 0.0
							},
							"scale": {
								"x": 1.0,
								"y": 1.0,
								"z": 1.0
							},
							"type": "Box"
						}
					],
					"enabled": true,
					"group": 1,
					"guid": "2a0fff78-fdc8-ae42-80d4-0c21db96838e",
					"linear_damping": 0.0,
					"mask": -1,
					"mass": 1.0,
					"type": "Static"
				},
				"RenderComponent": {
					"enabled": true,
					"guid": "ce82ce64-8520-9e44-bea9-dc0008381f53",
					"material": "4a8aa9ae-9065-c747-b194-ea1f62ff65e9",
					"mesh": "a2c0927b-8437-d547-93db-fcfb07a94001"
				}
			},
			"guid": "9b55c4cc-bc9e-fd4f-a521-34a52b6eee8f",
			"hide_in_inspector": false,
			"name": "person7",
			"parent": "b2609297-d231-0648-859b-b27761988001",
			"position": {
				"x": 1.8250000476837158,
				"y": -3.0280001163482666,
				"z": 1.0
			},
			"rotation": {
				"w": 1.0,
				"x": 0.0,
				"y": 0.0,
				"z": 0.0
			},
			"scale": {
				"x": 1.5,
				"y": 1.5,
				"z": 1.5
			}
		},
		{
			"children": [],
			"components": {
				"Gameplay::Physics::RigidBody": {
					"angular_damping": 0.004999999888241291,
					"colliders": [
						{
							"extents": {
								"x": 1.0,
								"y": 1.0,
								"z": 1.0
							},
							"guid": "1feb1bc5-7dec-584c-88b3-bd77e4342023",
							"position": {
								"x": 0.0,
								"y": 0.0,
								"z": 0.0
							},
							"rotation": {
								"x": 0.0,
								"y": 0.0,
								"z": 0.0
							},
							"scale": {
								"x": 1.0,
								"y": 1.0,
								"z": 1.0
							},
							"type": "Box"
						}
					],
					"enabled": true,
					"group": 1,
					"guid": "729f1f95-7af3-6245-84e1-3868f5a8018d",
					"linear_damping": 0.0,
					"mask": -1,
					"mass": 1.0,
					"type": "Static"
				},
				"RenderComponent": {
					"enabled": true,
					"guid": "345768ab-83fd-9b4b-a9ce-07d97d35335b",
					"material": "4a8aa9ae-9065-c747-b194-ea1f62ff65e9",
					"mesh": "941fb5fb-df88-2449-a16a-30de36540c8f"
				}
			},
			"guid": "b0068b7f-ba6b-2145-8cb7-298d651f518e",
			"hide_in_inspector": false,
			"name": "person8",
			"parent": "b2609297-d231-0648-859b-b27761988001",
			"position": {
				"x": -5.755000114440918,
				"y": -7.936999797821045,
				"z": 1.0
			},
			"rotation": {
				"w": 1.0,
				"x": 0.0,
				"y": 0.0,
				"z": 0.0
			},
			"scale": {
				"x": 1.5,
				"y": 1.5,
				"z": 1.5
			}
		},
		{
			"children": [],
			"components": {
				"Gameplay::Physics::RigidBody": {
					"angular_damping": 0.004999999888241291,
					"colliders": [
						{
							"extents": {
								"x": 1.0,
								"y": 1.0,
								"z": 1.0
							},
							"guid": "5b62308b-8fc7-7449-9401-7227b948469e",
							"position": {
								"x": 0.0,
								"y": 0.0,
								"z": 0.0
							},
							"rotation": {
								"x": 0.0,
								"y": 0.0,
								"z": 0.0
							},
							"scale": {
								"x": 1.0,
								"y": 1.0,
								"z": 1.0
							},
							"type": "Box"
						}
					],
					"enabled": true,
					"group": 1,
					"guid": "e379fa95-2d01-bf47-90fb-10c093baa994",
					"linear_damping": 0.0,
					"mask": -1,
					"mass": 1.0,
					"type": "Static"
				},
				"RenderComponent": {
					"enabled": true,
					"guid": "fa07b266-2673-054a-a150-3c58b52ee69f",
					"material": "f4aae597-b97b-7848-8fa3-f499c42b0335",
					"mesh": "484cfae3-2cda-6441-91dd-1383dda6919a"
				}
			},
			"guid": "7dfd7297-fa89-8340-8b32-f688e1c2dc7f",
			"hide_in_inspector": false,
			"name": "dj",
			"parent": "null",
			"position": {
				"x": 0.0,
				"y": 1.1390000581741333,
				"z": 2.299999952316284
			},
			"rotation": {
				"w": 1.0,
				"x": 0.0,
				"y": 0.0,
				"z": 0.0
			},
			"scale": {
				"x": 1.5,
				"y": 1.5,
				"z": 1.5
			}
		},
		{
			"children": [],
			"components": {
				"Gameplay::Physics::RigidBody": {
					"angular_damping": 0.004999999888241291,
					"colliders": [
						{
							"extents": {
								"x": 1.0,
								"y": 1.0,
								"z": 1.0
							},
							"guid": "88047731-af54-b348-a9ce-902f188c5c5d",
							"position": {
								"x": 0.0,
								"y": 0.0,
								"z": 0.0
							},
							"rotation": {
								"x": 0.0,
								"y": 0.0,
								"z": 0.0
							},
							"scale": {
								"x": 1.0,
								"y": 1.0,
								"z": 1.0
							},
							"type": "Box"
						}
					],
					"enabled": true,
					"group": 1,
					"guid": "84834162-94de-c341-bad2-6e480164ceaa",
					"linear_damping": 0.0,
					"mask": -1,
					"mass": 1.0,
					"type": "Static"
				},
				"RenderComponent": {
					"enabled": true,
					"guid": "605b4453-92ce-8545-bf36-2bb41d24cda6",
					"material": "66fd0d5a-b776-7446-9c65-8b1015affcc5",
					"mesh": "e5ba6e42-e2e2-864c-9840-156a727c4531"
				}
			},
			"guid": "52e1e6da-b910-c34f-b5f2-e3593d73eeda",
			"hide_in_inspector": false,
			"name": "platform",
			"parent": "null",
			"position": {
				"x": 0.0,
				"y": 1.5,
				"z": 1.0
			},
			"rotation": {
				"w": 1.0,
				"x": 0.0,
				"y": 0.0,
				"z": 0.0
			},
			"scale": {
				"x": 10.0,
				"y": 5.0,
				"z": 1.0
			}
		},
		{
			"children": [],
			"components": {
				"ParticleSystem": {
					"emitters": [
						{
							"color": {
								"w": 1.0,
								"x": 0.0,
								"y": 1.0,
								"z": 0.0
							},
							"cone_angle": 0.0,
							"lifetime_range": {
								"x": 2.0,
								"y": 4.0
							},
							"position": {
								"x": 0.0,
								"y": 0.0,
								"z": 0.0
							},
							"spawn_rate": 0.10000000149011612,
							"velocity": {
								"x": 0.0,
								"y": -1.0,
								"z": 10.0
							}
						}
					],
					"enabled": true,
					"gravity": {
						"x": 0.0,
						"y": 0.0,
						"z": -9.8100004196167
					},
					"guid": "0bcd251a-8421-e747-b3bb-97cb8132603d",
					"max_particles": 1000
				}
			},
			"guid": "1625808c-3886-374f-82b9-deef3a79cc5b",
			"hide_in_inspector": false,
			"name": "Particles",
			"parent": "null",
			"position": {
				"x": 0.0,
				"y": 0.0,
				"z": 0.0
			},
			"rotation": {
				"w": 1.0,
				"x": 0.0,
				"y": 0.0,
				"z": 0.0
			},
			"scale": {
				"x": 1.0,
				"y": 1.0,
				"z": 1.0
			}
		}
	],
	"skybox": {
		"mesh": "null",
		"orientation": {
			"w": 0.7071067690849304,
			"x": 0.7071067690849304,
			"y": 0.0,
			"z": 0.0
		},
		"shader": "1307d992-6747-0946-9ead-c9419d24bd87",
		"texture": "9a787ca0-1a5b-c54c-9341-409e03804f94"
	}
}